{
	"update-files/includes/custom-functions.php" : "../includes/custom-functions.php" ,
	"update-files/includes/firebase.php" : "../includes/firebase.php" ,
    "update-files/includes/functions.php" : "../includes/functions.php" ,
    "update-files/includes/push.php" : "../includes/push.php" ,
    "update-files/includes/variables.php" : "../includes/variables.php" ,
	"update-files/about-us.php" : "../about-us.php" ,
	"update-files/add-area.php" : "../add-area.php" ,
	"update-files/add-category.php" : "../add-category.php" ,
    "update-files/add-city.php" : "../add-city.php" ,
	"update-files/add-delivery-boy.php" : "../add-delivery-boy.php" ,
	"update-files/add-media.php" : "../add-media.php" ,
	"update-files/add-pincode.php" : "../add-pincode.php" ,
	"update-files/add-product.php" : "../add-product.php" ,
	"update-files/add-seller.php" : "../add-seller.php" ,
	"update-files/add-subcategory.php" : "../add-subcategory.php" ,
	"update-files/add-tax.php" : "../add-tax.php" ,
	"update-files/add-unit.php" : "../add-unit.php" ,
	"update-files/admin-profile.php" : "../admin-profile.php" ,
    "update-files/api-key.php" : "../api-key.php" ,
	"update-files/areas.php" : "../areas.php" ,
	"update-files/bulk-update.php" : "../bulk-update.php" ,
	"update-files/bulk-upload.php" : "../bulk-upload.php" ,
	"update-files/categories.php" : "../categories.php" ,
	"update-files/categories-order.php" : "../categories-order.php" ,
    "update-files/city.php" : "../city.php" ,
	"update-files/contact-us.php" : "../contact-us.php" ,
	"update-files/customers.php" : "../customers.php" ,
	"update-files/delete-area.php" : "../delete-area.php" ,
	"update-files/delete-category.php" : "../delete-category.php" ,
    "update-files/delete-city.php" : "../delete-city.php" ,
	"update-files/delete-order.php" : "../delete-order.php" ,
	"update-files/delete-pincode.php" : "../delete-pincode.php" ,
	"update-files/delete-product.php" : "../delete-product.php" ,
	"update-files/delete-query.php" : "../delete-query.php" ,
	"update-files/delete-subcategory.php" : "../delete-subcategory.php" ,
	"update-files/delete-tax.php" : "../delete-tax.php" ,
	"update-files/delivery-boy-cash.php" : "../delivery-boy-cash.php" ,
	"update-files/delivery-boy-play-store-privacy-policy.php" : "../delivery-boy-play-store-privacy-policy.php" ,
	"update-files/delivery-boy-play-store-terms-conditions.php" : "../delivery-boy-play-store-terms-conditions.php" ,
	"update-files/delivery-boy-privacy-policy.php" : "../delivery-boy-privacy-policy.php" ,
	"update-files/delivery-boys.php" : "../delivery-boys.php" ,
	"update-files/download.php" : "../download.php" ,
	"update-files/edit-area.php" : "../edit-area.php" ,
	"update-files/edit-category.php" : "../edit-category.php" ,
    "update-files/edit-city.php" : "../edit-city.php" ,
	"update-files/edit-pincode.php" : "../edit-pincode.php" ,
	"update-files/edit-product.php" : "../edit-product.php" ,
	"update-files/edit-query.php" : "../edit-query.php" ,
	"update-files/edit-seller.php" : "../edit-seller.php" ,
	"update-files/edit-subcategory.php" : "../edit-subcategory.php" ,
	"update-files/edit-tax.php" : "../edit-tax.php" ,
	"update-files/edit-unit.php" : "../edit-unit.php" ,
    "update-files/faq.php" : "../faq.php" ,
    "update-files/footer.php" : "../footer.php" , 
	"update-files/forgot-password.php" : "../forgot-password.php" ,
	"update-files/front-end-play-store-delivery-return-policy.php" : "../front-end-play-store-delivery-return-policy.php" ,
	"update-files/front-end-play-store-refund-policy.php" : "../front-end-play-store-refund-policy.php" ,
	"update-files/front-end-play-store-shipping-policy.php" : "../front-end-play-store-shipping-policy.php" ,
	"update-files/front-end-policies.php" : "../front-end-policies.php" ,
	"update-files/fund-transfers.php" : "../fund-transfers.php" ,
	"update-files/header.php" : "../header.php" ,
	"update-files/home.php" : "../home.php" ,
	"update-files/index.php" : "../index.php" ,
	"update-files/info.php" : "../info.php" ,
	"update-files/invoice.php" : "../invoice.php" ,
	"update-files/invoice-for-mobile.php" : "../invoice-for-mobile.php" ,
	"update-files/location-bulk-upload.php" : "../location-bulk-upload.php" ,
    "update-files/logout.php" : "../logout.php" ,
	"update-files/low-stock-products.php" : "../low-stock-products.php" ,
	"update-files/main-slider.php" : "../main-slider.php" ,
	"update-files/manage-customer-wallet.php" : "../manage-customer-wallet.php" ,
    "update-files/media.php" : "../media.php" ,
	"update-files/new-offers.php" : "../new-offers.php" ,
	"update-files/newsletter.php" : "../newsletter.php" ,
	"update-files/notification.php" : "../notification.php" ,
	"update-files/notification-settings.php" : "../notification-settings.php" ,
	"update-files/order-detail.php" : "../order-detail.php" ,
	"update-files/orders.php" : "../orders.php" ,
	"update-files/payment-methods-settings.php" : "../payment-methods-settings.php" ,
	"update-files/payment-requests.php" : "../payment-requests.php" ,
	"update-files/pickup-locations.php" : "../pickup-locations.php.php" ,
	"update-files/pincodes.php" : "../pincodes.php" ,
	"update-files/play-store-privacy-policy.php" : "../play-store-privacy-policy.php" ,
	"update-files/privacy-policy.php" : "../privacy-policy.php" ,
	"update-files/product-detail.php" : "../product-detail.php" ,
    "update-files/products.php" : "../products.php" ,
	"update-files/product-sales-report.php" : "../product-sales-report.php" ,
	"update-files/products-order.php" : "../products-order.php" ,
	"update-files/products-taxes.php" : "../products-taxes.php" ,
	"update-files/promo-code.php" : "../promo-code.php" ,
	"update-files/purchase-code.php" : "../purchase-code.php" ,
	"update-files/remove-seller.php" : "../remove-seller.php" ,
	"update-files/reset-password.php" : "../reset-password.php" ,
	"update-files/return-requests.php" : "../return-requests.php" ,
	"update-files/sales-report.php" : "../sales-report.php" ,
	"update-files/sections.php" : "../sections.php" ,
	"update-files/seller-play-store-privacy-policy.php" : "../seller-play-store-privacy-policy.php" ,
	"update-files/seller-play-store-terms-conditions.php" : "../seller-play-store-terms-conditions.php" ,
	"update-files/seller-privacy-policy.php" : "../seller-privacy-policy.php" ,
	"update-files/sellers.php" : "../sellers.php" ,
	"update-files/seller-wallet-transactions.php" : "../seller-wallet-transactions.php" ,
	"update-files/send-multiple-push.php" : "../send-multiple-push.php" ,
	"update-files/settings.php" : "../settings.php" ,
	"update-files/shipping-methods.php" : "../shipping-methods.php" ,
	"update-files/shiprocket-settings.php" : "../shiprocket-settings.php" ,
	"update-files/social-media.php" : "../social-media.php" ,
	"update-files/sold-out-products.php" : "../sold-out-products.php" ,
	"update-files/subcategories.php" : "../subcategories.php" ,
	"update-files/subcategories-order.php" : "../subcategories-order.php" ,
	"update-files/system-users.php" : "../system-users.php" ,
	"update-files/terms-conditions.php" : "../terms-conditions.php" ,
	"update-files/time-slots.php" : "../time-slots.php" ,
	"update-files/transaction.php" : "../transaction.php" , 
	"update-files/units.php" : "../units.php" , 
	"update-files/update-seller-commission.php" : "../update-seller-commission.php" , 
	"update-files/update-seller-commission-manually.php" : "../update-seller-commission-manually.php" , 
	"update-files/view-category-product.php" : "../view-category-product.php" ,
	"update-files/view-product.php" : "../view-product.php" ,
	"update-files/view-product-variants.php" : "../view-product-variants.php" ,
	"update-files/view-seller-orders.php" : "../view-seller-orders.php" ,
	"update-files/view-seller-products.php" : "../view-seller-products.php" ,
	"update-files/view-subcategory.php" : "../view-subcategory.php" ,
	"update-files/view-subcategory-product.php" : "../view-subcategory-product.php" ,
	"update-files/wallet-transactions.php" : "../wallet-transactions.php" ,
	"update-files/web-category.php" : "../web-category.php" ,
	"update-files/web-footer.php" : "../web-footer.php" ,
	"update-files/web-header.php" : "../web-header.php" ,
	"update-files/webhook.php" : "../webhook.php" ,
	"update-files/wishlists.php" : "../wishlists.php" ,
	"update-files/withdrawal-requests.php" : "../withdrawal-requests.php"
}
